user_id,friends_cnt,followers_cnt,subscriptions_cnt,wall_posts_cnt,is_deleted,is_banned,is_bot
1321945,193,193,6,172,0,0,0
328725231,295,42,5,47,0,0,0
358878879,4,68,0,320,0,0,0
258452364,64,,0,,0,0,0
77766125,137,,1,,0,0,0
327709472,,,,,1,0,0
395507414,76,41,5,88,0,0,0
50673027,81,163,0,133,0,0,0
196598238,74,,2,,0,0,0
50702352,181,,3,,0,0,0
3135400,82,177,0,30,0,0,0
20114926,393,,3,,0,0,0
82422347,103,,0,,0,0,0
282009574,127,,0,,0,0,0
115986430,28,,0,,0,0,0
331330456,,,,,1,0,0
316064047,3,,9,,0,0,0
372298382,238,,0,,0,0,0
77202992,212,,0,,0,0,0
353891199,78,,1,,0,0,0
15876720,329,132,1,588,0,0,0
71599429,102,40,4,115,0,0,0
367394806,96,224,1,11,0,0,1
90411862,154,142,0,100,0,0,0
109153697,120,256,11,2676,0,0,0
30191665,396,47,131,148,0,0,0
56006773,87,364,2,602,0,0,0
170564594,321,223,0,22,0,0,0
53803083,677,134,0,1321,0,0,0
215588565,100,,2,,0,0,0
71132990,223,150,3,2,0,0,0
397062487,,,,,1,0,1
10131511,280,57,4,694,0,0,0
2389109,172,267,28,2292,0,0,0
432884713,31,3,0,1,0,0,0
151034643,117,,44,,0,0,0
193703660,1058,3,0,323,0,0,0
287812861,86,69,0,6,0,0,0
273399876,158,,21,,0,0,0
41946626,231,161,1,94,0,0,0
402258662,1954,488,3,77,0,0,1
295112105,92,51,2,66,0,0,0
404374016,0,,0,,0,0,0
123705475,195,,6,,0,0,0
252859787,216,,1,,0,0,0
303383333,32,,3,,0,0,0
424087270,,,,,1,0,0
401733806,1,477,0,0,0,0,1
288196755,,,,,1,0,1
191153826,137,,0,,0,0,0
12381481,109,,1,,0,0,0
282103539,37,,0,,0,0,0
84170427,9293,3658,9,63433,0,0,0
19369583,132,,3,,0,0,0
331285621,227,,4,,0,0,0
49338123,130,74,1,408,0,0,0
167399787,201,175,2,7183,0,0,0
366925330,193,,0,,0,0,0
97192737,504,,42,,0,0,0
246212712,195,251,0,1,0,0,0
186413805,33,881,0,7,0,0,0
432587881,12,1,32,4,0,0,0
54741578,180,,0,,0,0,0
252052773,191,73,1,1220,0,0,0
41864160,70,,0,,0,0,0
91332012,375,244,5,1115,0,0,0
87548944,,,,,0,1,0
17721819,729,189,38,911,0,0,0
251590012,177,,0,,0,0,0
347168129,107,157,1,7,0,0,0
355049430,,,,,0,1,1
278621581,9291,64,5,3379,0,0,0
65062347,90,162,2,0,0,0,0
389150255,1,174,0,1,0,0,0
146417557,232,138,3,53,0,0,0
190746111,72,72,0,39,0,0,0
108831828,399,409,12,5309,0,0,0
357895780,179,292,7,36,0,0,0
157794652,334,,0,,0,0,0
27463780,147,,0,,0,0,0
152364004,307,376,8,101,0,0,0
397336803,,,,,0,1,1
231485873,222,111,98,8,0,0,1
330436557,209,,5,,0,0,0
385910796,38,14,7,437,0,0,0
346086722,1944,226,55,455,0,0,0
375705251,45,93,2,1742,0,0,0
17035919,634,510,1,46,0,0,0
26989415,528,143,12,618,0,0,0
8393010,810,370,33,209,0,0,0
6059677,303,,13,,0,0,0
88740768,92,885,1,1204,0,0,0
139021570,118,,2,,0,0,0
419098241,0,139,0,0,0,0,0
3611649,175,,0,,0,0,0
366008453,2564,,150,,0,0,0
340089068,54,,12,,0,0,0
45644077,280,135,0,231,0,0,0
74554858,417,104,0,1,0,0,0
83521491,153,385,0,517,0,0,0
399762516,,,,,1,0,0
329235449,296,67,8,16,0,0,0
256808331,,,,,1,0,0
401703265,,,,,0,1,0
136687625,321,225,4,165,0,0,0
203215683,210,161,0,1,0,0,0
117151107,367,156,1,81,0,0,0
396639887,162,,6,,0,0,0
132182135,924,43,35,1295,0,0,0
371448536,51,250,0,0,0,0,0
407479413,210,103,0,2,0,0,0
146688574,182,221,1,19,0,0,0
270151580,44,95,0,8,0,0,0
36490567,208,,0,,0,0,0
354480375,186,3,0,2,0,0,0
328731116,65,0,0,1,0,0,0
98791419,22,,0,,0,0,0
336285250,3200,59,24,859,0,0,0
188504519,39,97,0,9,0,0,0
317156178,0,0,0,1,0,0,0
163028046,,,,,0,1,0
219608293,0,741,0,3,0,0,1
351861173,53,,0,,0,0,0
376615030,,,,,1,0,1
39304580,356,,0,,0,0,0
254246676,120,,0,,0,0,0
232037694,14,,1,,0,0,0
288721795,19,10,0,19,0,0,0
428175554,,,,,0,1,1
41683107,175,152,3,60,0,0,0
34782746,2885,33,253,2730,0,0,0
116773740,24,,0,,0,0,0
194747685,178,,1,,0,0,0
152376787,56,,0,,0,0,0
395746244,134,,1,,0,0,0
135106443,382,,0,,0,0,0
353853602,,,,,0,1,1
321713844,28,,2,,0,0,0
229010279,223,128,1,6,0,0,0
399075604,197,21,1,268,0,0,0
299492736,,,,,0,1,0
15388597,550,272,0,40,0,0,0
16484803,710,454,2,3533,0,0,0
101193488,431,836,31,500,0,0,0
72704511,1381,539,62,4290,0,0,0
431913060,28,24,0,11,0,0,0
220332660,15,12,1,14,0,0,0
288818403,56,528,0,1241,0,0,0
287411248,88,,1,,0,0,0
413415845,,,,,1,0,1
57648610,288,,3,,0,0,0
20453504,282,331,1,536,0,0,0
355689390,,,,,0,1,1
378823279,,,,,0,1,1
314308320,405,120,3,14,0,0,0
298475142,181,,3,,0,0,0
325852583,441,213,6,45,0,0,1
132238506,65,,32,,0,0,0
71162391,810,469,0,296,0,0,0
190607599,134,276,1,2125,0,0,0
55662134,679,96,14,520,0,0,0
253415134,285,,4,,0,0,0
202187686,78,,0,,0,0,0
207720701,8,52,0,5111,0,0,0
383873545,352,93,3,20,0,0,0
140064050,266,,1,,0,0,0
10488358,158,51,0,179,0,0,0
4484510,1186,696,3,2778,0,0,0
350058745,161,316,0,9,0,0,0
353221487,586,135,11,47,0,0,0
13552145,442,,26,,0,0,0
390025438,15,119,35,2,0,0,0
128116483,96,0,1,74,0,0,0
64719629,242,157,6,66,0,0,0
211474862,12,62,1,779,0,0,0
122322230,232,182,0,113,0,0,0
119684054,56,,0,,0,0,0
2747129,413,105,5,1206,0,0,0
367263727,126,,15,,0,0,0
418708048,,,,,0,1,1
50993049,45,45,6,44,0,0,0
208019270,53,79,0,3,0,0,0
24419634,,,,,1,0,0
322328651,,,,,0,1,1
219846166,120,99,0,211,0,0,0
234752061,407,285,2,215,0,0,0
247919482,460,197,44,16816,0,0,0
402026527,326,301,42,1,0,0,0
404964389,46,,0,,0,0,0
117799790,52,,0,,0,0,0
233502596,186,113,8,205,0,0,0
371385074,86,49,13,11,0,0,0
316945464,72,,0,,0,0,0
29659892,,,,,1,0,0
398116262,,,,,0,1,1
219877406,252,,2,,0,0,0
172587365,242,,0,,0,0,0
374165560,,,,,1,0,1
183709336,,,,,1,0,0
14509662,168,225,0,1550,0,0,0
63597505,,,,,1,0,0
34264012,373,147,3,248,0,0,0
224068238,,,,,1,0,0
26109163,298,312,0,1402,0,0,0
185616741,,,,,0,1,1
315098296,94,187,1,10,0,0,0
160248275,130,118,1,84,0,0,0
103787444,135,52,1,50,0,0,0
161837324,,,,,0,1,0
177031519,61,,0,,0,0,0
24898473,14,422,1,274,0,0,0
217998588,93,,0,,0,0,0
87373003,275,,1,,0,0,0
259838675,,,,,1,0,0
22219722,250,140,1,522,0,0,0
200478236,26,66,3,7,0,0,0
416626764,,,,,0,1,1
422274225,,,,,0,1,0
105667314,410,,3,,0,0,0
63897229,398,82,2,338,0,0,0
96115128,89,,0,,0,0,0
196941900,660,,24,,0,0,1
398937456,2,179,3,394,0,0,0
18009604,214,381,13,1619,0,0,0
155630618,164,,11,,0,0,0
153679460,,,,,1,0,0
344281889,,,,,0,1,1
51038650,72,61,0,92,0,0,0
158051321,164,,0,,0,0,0
9828059,392,314,16,538,0,0,0
245521616,395,69,17,22,0,0,0
280298004,89,,21,,0,0,0
208052741,,,,,0,1,1
95799475,2180,37,75,2227,0,0,0
18471102,613,,6,,0,0,0
231266279,98,,0,,0,0,0
410150721,,,,,1,0,0
64434434,147,667,1,2678,0,0,0
395111805,152,157,0,1,0,0,1
250934720,480,,0,,0,0,0
17756437,,,,,1,0,0
9435420,186,,0,,0,0,0
223721107,207,182,0,3,0,0,0
397317778,133,,2,,0,0,0
299649612,132,,5,,0,0,0
274135430,431,,4,,0,0,0
327007524,68,,3,,0,0,0
54447629,142,149,0,534,0,0,0
367581226,,,,,1,0,0
309816795,116,186,2,1,0,0,0
350746478,2840,770,301,751,0,0,1
391132140,179,,3,,0,0,0
430261154,99,,0,,0,0,0
30647218,,,,,1,0,0
283752562,1189,286,8,13238,0,0,1
203611789,123,321,0,6,0,0,0
233732179,2352,113,122,17234,0,0,0
180031452,75,,0,,0,0,0
114947237,163,152,0,0,0,0,0
229814399,187,303,14,638,0,0,0
169548588,187,65,1,39,0,0,0
151660228,563,,0,,0,0,0
3933085,120,19,4,163,0,0,0
332833722,,,,,1,0,0
72922266,226,,3,,0,0,0
340788081,,,,,0,1,0
15357158,29,5,1,49,0,0,0
6085804,171,,2,,0,0,0
400311829,266,277,3,3,0,0,1
159536784,274,,6,,0,0,0
160332582,123,,0,,0,0,0
340624229,122,349,4,9,0,0,0
145590791,255,196,0,0,0,0,0
406820137,,,,,0,1,1
305561395,177,169,0,1,0,0,0
183365139,87,,0,,0,0,0
88059960,86,,1,,0,0,0
18697312,8,,0,,0,0,0
252044208,52,130,0,0,0,0,0
74059561,1042,,13,,0,0,0
1372601,400,,19,,0,0,0
17646715,265,,4,,0,0,0
405729163,863,124,39,4102,0,0,0
378814616,44,43,1,4,0,0,0
197844640,128,3,11,142,0,0,0
273590473,27,15,0,467,0,0,0
201294056,189,407,2,21,0,0,0
380890662,19,1,0,1,0,0,0
76244509,179,128,4,33,0,0,0
277433032,146,,0,,0,0,0
305775892,59,32,1,159,0,0,0
204578806,254,278,41,5020,0,0,0
356985524,,,,,1,0,0
10807268,476,40,15,706,0,0,0
12342062,468,117,8,1717,0,0,0
2918013,1904,,24,,0,0,0
195070505,497,,6,,0,0,0
205744278,76,38,2,360,0,0,0
380839092,6,,2,,0,0,0
136121797,230,122,4,407,0,0,0
116143351,250,,7,,0,0,0
327805813,95,399,0,412,0,0,0
88757073,234,69,1,3283,0,0,0
148172766,307,48,4,640,0,0,0
139002059,449,,2,,0,0,1
425565073,34,7,18,4,0,0,0
304947362,835,,39,,0,0,0
258866378,57,,1,,0,0,0
307070777,28,39,2,134,0,0,0
161657526,,,,,0,1,1
292277471,62,211,0,3,0,0,0
285043439,,,,,0,1,0
110565835,187,23,0,860,0,0,0
188595787,,,,,1,0,0
341239607,177,37,2,52,0,0,0
168406244,,,,,0,1,1
369531360,67,130,0,1,0,0,0
66807229,275,111,2,652,0,0,0
392092824,,,,,0,1,0
204870804,34,7,0,10,0,0,0
311514027,133,,4,,0,0,0
394261742,154,272,7,8,0,0,0
247015416,651,547,1948,4602,0,0,0
63228153,7,153,0,112,0,0,0
382969529,215,,0,,0,0,0
352136415,,,,,1,0,0
183183598,1,757,0,0,0,0,1
327009128,66,8,6,85,0,0,0
302716589,1,335,0,7,0,0,0
17812585,143,159,1,0,0,0,0
249866759,117,40,0,2,0,0,0
285793708,329,,0,,0,0,0
170667544,124,,0,,0,0,0
100434416,9035,2767,0,145,0,0,0
14878082,,,,,1,0,0
287873294,45,,1,,0,0,0
407869038,54,,4,,0,0,0
286026005,47,,20,,0,0,0
433991081,,,,,1,0,0
157724322,26,68,17,7,0,0,0
17023401,116,333,1,1378,0,0,0
89254877,152,45,7,117,0,0,0
137620066,186,,2,,0,0,0
292811166,101,271,19,2306,0,0,0
59762294,559,365,6,1826,0,0,0
338563366,,,,,0,1,0
42144420,,,,,0,1,1
270178461,137,629,25,346,0,0,0
66404628,600,604,50,2140,0,0,0
383212175,,,,,1,0,0
156494519,,,,,0,1,0
103197435,50,,0,,0,0,0
169306887,179,,3,,0,0,0
408559446,99,32,5,283,0,0,0
340849209,,,,,1,0,0
144004169,105,729,4,1114,0,0,0
345761823,243,,1,,0,0,0
415825292,192,197,0,0,0,0,0
19073167,0,247,0,523,0,0,0
358485115,252,325,42,18,0,0,0
212388506,55,,17,,0,0,0
390147488,75,660,0,1,0,0,1
18560878,69,38,0,110,0,0,0
222835757,120,159,2,3,0,0,0
217814395,66,45,1,123,0,0,0
383898463,58,33,10,172,0,0,0
17624761,677,,11,,0,0,0
11935910,50,,1,,0,0,0
144283812,357,93,4,160,0,0,0
332325150,101,58,9,0,0,0,0
13198610,,,,,1,0,0
1923998,226,,17,,0,0,0
28338360,541,,1,,0,0,0
211776542,253,64,6,1,0,0,0
318689336,499,,29,,0,0,0
213832531,138,34,0,321,0,0,0
326807721,387,28,64,7552,0,0,0
333000035,,,,,1,0,0
324539895,,,,,0,1,0
398347450,168,28,5,178,0,0,0
342111630,,,,,0,1,1
15811057,207,,0,,0,0,0
429827121,64,11,13,21,0,0,0
96428073,132,373,0,0,0,0,0
312472084,771,135,26,88,0,0,0
414895343,2183,233,141,1,0,0,0
386603723,182,,0,,0,0,0
217676069,87,5,58,288,0,0,0
321567419,127,78,0,135,0,0,0
31742301,88,288,3,2509,0,0,0
312877007,102,35,335,574,0,0,0
166904585,75,36,1,6561,0,0,0
373233021,,,,,1,0,0
18563618,183,,0,,0,0,0
268168421,704,,3,,0,0,0
156628853,378,22,1,141,0,0,0
343438512,166,,0,,0,0,0
140732477,98,413,0,12,0,0,0
325288745,39,103,2,63,0,0,0
378431807,,,,,0,1,1
114501784,356,81,11,1682,0,0,0
39688983,27,24,3,43,0,0,0
44586199,47,,0,,0,0,0
306374201,523,,10,,0,0,0
146551518,227,260,4,157,0,0,0
42749539,5690,945,453,1033,0,0,0
360270600,0,25,12,6,0,0,0
139858121,736,357,7,780,0,0,0
409447810,,,,,0,1,0
49670289,103,134,7,960,0,0,0
6070767,126,13,1,87,0,0,0
138555682,138,49,9,181,0,0,0
155032787,216,171,0,10,0,0,0
172455122,152,134,3,201,0,0,0
301896224,3,2,0,1,0,0,1
333466608,,,,,1,0,0
84349256,249,111,1,1496,0,0,0
196337705,122,47,8,6,0,0,1
183989843,,,,,1,0,0
1160524,40,20,0,19,0,0,0
413924700,,,,,0,1,1
316273582,,,,,0,1,0
367969599,,,,,0,1,0
352087768,221,,1,,0,0,0
360006413,20,3,0,23,0,0,0
138049488,184,,1,,0,0,0
4711817,367,156,11,347,0,0,0
75355864,56,30,1,44,0,0,0
350472857,,,,,1,0,1
157196256,42,180,0,0,0,0,0
416899031,,,,,1,0,1
2428552,687,,6,,0,0,0
136731434,101,249,0,31,0,0,1
23314022,113,,0,,0,0,0
387360477,31,93,22,12,0,0,0
48676098,117,236,0,7,0,0,0
5788709,1031,440,15,954,0,0,0
23056377,93,666,0,990,0,0,0
12370590,118,130,5,413,0,0,0
403592193,189,,0,,0,0,0
334698053,543,273,248,0,0,0,1
3075634,39,,0,,0,0,1
164095298,,,,,1,0,0
278238141,80,18,2,0,0,0,0
155523892,34,1306,0,2,0,0,0
181440575,434,455,1,663,0,0,0
379375329,24,,7,,0,0,0
395794781,27,,3,,0,0,0
203496159,93,78,1,69,0,0,1
237210451,195,326,0,3,0,0,0
16733783,187,81,1,64,0,0,0
16274225,247,,10,,0,0,0
254721365,255,47,1,21,0,0,0
265317046,130,11,3,29,0,0,0
3032154,414,425,20,2297,0,0,0
82955696,40,42,5,55,0,0,0
194237053,325,132,5,0,0,0,0
244814101,145,,1,,0,0,0
14804585,360,,1,,0,0,0
8653703,6218,,59,,0,0,0
85332527,116,194,1,440,0,0,0
12131539,31,26,5,616,0,0,0
251095846,68,,1,,0,0,0
47041890,177,237,0,2021,0,0,0
280205254,33,92,0,6,0,0,0
292162766,,,,,0,1,0
52214336,181,204,5,383,0,0,0
56042125,55,,1,,0,0,0
161367457,245,,1,,0,0,0
7921440,133,86,2,542,0,0,0
317541140,113,66,1,75,0,0,0
278115298,29,71,1,42,0,0,1
7717677,332,,7,,0,0,0
10814645,271,,6,,0,0,0
286675420,661,,0,,0,0,1
274350106,92,189,0,8,0,0,0
2274106,1409,358,57,1449,0,0,0
16424882,35,,0,,0,0,0
324995502,38,14,5,31,0,0,0
23356204,717,,8,,0,0,0
24292471,94,133,18,11133,0,0,0
65329327,225,177,0,13,0,0,0
25229545,208,95,3,2527,0,0,0
430003480,,,,,0,1,0
389424593,19,20,6,2,0,0,0
212000450,257,174,0,12,0,0,1
396880730,,,,,0,1,1
19510252,533,244,9,1841,0,0,0
381694019,,,,,1,0,0
12147135,925,978,3,1623,0,0,0
156219532,448,162,9,513,0,0,0
3331349,508,,23,,0,0,0
155248442,98,73,0,17,0,0,0
146120750,17,,0,,0,0,0
425368424,193,26,6,1,0,0,0
399235155,,,,,0,1,0
1515169,166,46,1,223,0,0,0
161022825,645,427,1,63,0,0,0
346141816,,,,,0,1,0
153427455,,,,,0,1,0
26855363,569,258,1,95,0,0,0
105727387,372,158,6,1541,0,0,0
261108481,,,,,1,0,0
382215077,944,,0,,0,0,0
49508684,26,9,0,64,0,0,0
383492411,145,,5,,0,0,0
341598100,304,280,0,2,0,0,1
239601197,22,,4,,0,0,0
189983125,38,,0,,0,0,0
328818078,170,59,5,1,0,0,0
132930412,370,205,154,49,0,0,0
311708457,,,,,1,0,0
310999636,124,802,358,0,0,0,0
248150866,144,10,3,232,0,0,0
162178747,89,271,0,4,0,0,0
271368398,,,,,1,0,0
407966390,521,187,1,104,0,0,1
125136296,1137,491,1,20,0,0,0
152015147,71,92,0,3,0,0,0
139698021,,,,,1,0,0
322975367,,,,,0,1,1
117807372,419,,8,,0,0,0
82374940,322,,1,,0,0,0
239714584,33,50,2,0,0,0,0
138273048,44,98,0,730,0,0,1
8242621,366,63,3,294,0,0,0
173669764,81,138,2,10,0,0,0
390314633,73,32,2,4,0,0,0
753608,188,,1,,0,0,0
106372073,,,,,1,0,0
393219194,40,,1,,0,0,0
17220161,38,11,0,20,0,0,0
412026820,189,10,1,4,0,0,0
349676590,738,30,225,380,0,0,1
271212277,31,5,0,0,0,0,0
345573632,98,256,0,124,0,0,1
256926825,68,295,1,9,0,0,0
408017359,,,,,0,1,0
216031327,637,301,70,2040,0,0,0
398258745,100,82,25,1,0,0,1
395241409,,,,,0,1,1
233850725,184,231,0,0,0,0,0
156242202,358,68,1,217,0,0,0
4118934,143,131,4,83,0,0,0
297876174,5,143,0,14,0,0,0
166631818,225,69,0,55,0,0,0
144147539,476,451,0,24,0,0,0
26215989,169,319,2,914,0,0,0
410394338,370,200,0,1169,0,0,0
87444886,96,66,0,83,0,0,0
97932685,1171,418,35,171,0,0,0
358049739,122,142,2,1,0,0,0
377821179,506,189,290,208,0,0,0
178622228,78,60,9,1301,0,0,0
363146872,309,14,3,1304,0,0,0
49278075,8947,,1,,0,0,0
327575455,3170,144,35,790,0,0,0
31922212,108,,0,,0,0,0
363155691,,,,,0,1,0
296764209,156,,1,,0,0,0
49856121,555,38,49,732,0,0,0
24899415,280,22,3,214,0,0,0
429229155,,,,,1,0,0
206501611,56,67,0,3,0,0,0
308773848,190,,1,,0,0,0
8198274,53,34,2,31,0,0,0
264880450,62,53,3,35,0,0,0
399075638,367,331,139,4714,0,0,1
271262038,,,,,1,0,0
291869646,45,16,0,39,0,0,0
170980116,92,5,0,198,0,0,0
247845668,176,,8,,0,0,0
3448298,514,276,6,476,0,0,0
49168774,360,1606,4,625,0,0,0
308130775,,,,,1,0,0
346525675,102,238,1,1503,0,0,0
164567089,133,651,4,7,0,0,0
257745717,78,85,5,575,0,0,0
210653787,,,,,0,1,1
310195698,1117,8,14,178,0,0,0
109212306,177,,3,,0,0,0
200733254,129,,9,,0,0,0
291256638,389,84,0,23,0,0,0
305675323,353,,17,,0,0,0
40829794,135,154,0,4104,0,0,0
416567745,,,,,0,1,1
233229583,955,104,160,266,0,0,0
91044356,129,37,8,44,0,0,0
428608219,,,,,1,0,1
135988598,178,59,2,36,0,0,0
318350807,110,,3,,0,0,0
76896928,241,120,8,4337,0,0,0
269094892,163,997,23,8,0,0,0
430849449,,,,,1,0,1
15206146,19,68,1,544,0,0,0
4033049,166,701,4,717,0,0,0
40862183,108,32,94,1019,0,0,0
349474214,,,,,0,1,0
275737322,5,2,0,0,0,0,0
157715610,171,67,3,156,0,0,0
250249668,211,41,14,9,0,0,0
58432538,48,,1,,0,0,0
395604179,,,,,1,0,1
62042704,235,109,32,1623,0,0,0
73599946,,,,,1,0,0
61620559,37,112,1,0,0,0,0
312616771,,,,,1,0,0
172630476,330,346,2,238,0,0,0
4634189,248,,3,,0,0,0
103141175,138,,2,,0,0,0
300882680,86,22,52,19,0,0,1
388981712,6,,0,,0,0,0
116060404,129,,0,,0,0,0
90373,,,,,1,0,0
101604190,496,637,3,63,0,0,0
303083503,255,116,10,32,0,0,1
281345311,90,350,4,11,0,0,0
420624423,,,,,0,1,0
414051290,1749,95,665,587,0,0,1
279794518,280,114,5,524,0,0,0
396776116,31,,8,,0,0,0
324596625,,,,,1,0,0
185445871,229,111,0,12195,0,0,0
242208739,3526,10,125,599,0,0,1
320024316,,,,,1,0,0
291694504,,,,,1,0,0
11363737,388,108,7,5773,0,0,0
165963698,2260,75,232,2139,0,0,0
316561278,,,,,1,0,1
268100413,35,,0,,0,0,0
378285593,151,14,1,245,0,0,0
370671494,,,,,0,1,0
352407182,,,,,1,0,0
211743423,32,79,0,82,0,0,0
181431464,18,632,0,1,0,0,0
204334822,,,,,1,0,0
266105346,156,,1,,0,0,0
111346312,273,319,4,699,0,0,0
159563691,343,,11,,0,0,0
151821313,100,,0,,0,0,1
395583729,75,60,0,3,0,0,0
263693084,202,67,4,102,0,0,0
281393090,15,5,1,1,0,0,0
290315410,,,,,0,1,0
199772609,,,,,0,1,0
426906888,2,,3,,0,0,0
167390064,,,,,1,0,0
254981400,45,327,0,4,0,0,0
244495232,93,78,129,1803,0,0,1
68848321,2242,349,299,526,0,0,0
357082398,38,3,0,32,0,0,0
178024352,,,,,1,0,0
11024499,207,,0,,0,0,0
378694060,,,,,1,0,0
217140228,2447,418,0,17,0,0,1
284956098,,,,,0,1,1
97030878,273,7,3,17,0,0,0
142276331,1349,417,21,219,0,0,0
26079132,211,427,0,498,0,0,0
234902042,,,,,1,0,0
412678136,,,,,1,0,0
148124486,335,,1,,0,0,0
3600722,,,,,1,0,0
33221715,157,145,4,373,0,0,0
87075179,88,,2,,0,0,0
346506798,,,,,1,0,0
321048197,140,268,0,1198,0,0,0
426105572,2,62,0,4,0,0,0
403728545,56,8,5,1,0,0,0
428902176,,,,,0,1,0
252635706,163,248,3,17,0,0,0
207515355,1,,0,,0,0,1
194302514,91,340,0,3,0,0,0
857356,1165,,0,,0,0,0
49622831,162,,2,,0,0,0
196066239,66,,0,,0,0,0
202883852,168,,0,,0,0,0
402372784,,,,,1,0,0
150996274,137,321,0,0,0,0,0
3524966,465,603,2,1110,0,0,0
346263671,,,,,0,1,0
135809553,163,,1,,0,0,0
70169136,371,327,6,77,0,0,0
407824722,,,,,1,0,1
294608374,,,,,0,1,1
275171595,257,,1,,0,0,0
164012056,102,,4,,0,0,0
84751120,149,,1,,0,0,0
9463404,269,,1,,0,0,0
381906130,95,,1,,0,0,0
133534825,405,,8,,0,0,0
292189179,3654,228,52,269,0,0,1
405141659,1845,,1748,,0,0,1
373251276,21,15,0,22,0,0,0
132735259,3223,717,0,444,0,0,0
28838263,241,,0,,0,0,0
275277015,156,,0,,0,0,0
188409259,290,388,0,32,0,0,0
100848174,355,171,0,156,0,0,0
330464725,22,,70,,0,0,0
415142541,,,,,1,0,0
89397382,354,96,15,559,0,0,0
285841321,1190,1296,14,253,0,0,0
78641683,157,523,0,80,0,0,0
137342794,64,94,0,0,0,0,0
320227120,,,,,1,0,0
161822204,239,155,3,112,0,0,0
107767401,684,347,0,543,0,0,0
249254344,,,,,1,0,0
424198252,,,,,0,1,1
48696990,785,,1,,0,0,0
4533152,177,,6,,0,0,0
254221623,118,285,0,11,0,0,0
333107451,170,98,0,5,0,0,1
27175980,310,,0,,0,0,0
101854813,263,112,3,702,0,0,0
385929765,1785,39,0,1153,0,0,1
118996140,124,97,2,1975,0,0,0
244576843,42,124,0,487,0,0,0
862351,269,123,4,1,0,0,0
68341994,166,20,12,721,0,0,0
423700854,,,,,0,1,0
347014762,8,686,64,2,0,0,1
411057274,51,214,0,5,0,0,0
90168684,122,222,4,847,0,0,0
30002799,1630,607,82,158,0,0,1
110793565,179,587,13,2098,0,0,0
427466266,62,138,1,0,0,0,0
244619294,75,,0,,0,0,0
183755878,128,,7,,0,0,0
134124816,198,173,0,68,0,0,0
364998340,297,,0,,0,0,0
162240349,66,17,9,47,0,0,0
329238733,,,,,0,1,1
415466759,34,37,0,0,0,0,1
349264399,1836,54,213,1680,0,0,1
248016144,,,,,1,0,0
52501169,290,414,15,368,0,0,0
289250361,,,,,0,1,1
289772508,165,,368,,0,0,0
201850026,44,,0,,0,0,0
139429335,279,140,8,1940,0,0,0
243582233,137,,0,,0,0,1
393962208,49,44,4,3,0,0,0
298634763,1,109,4,2,0,0,0
280136095,33,56,0,5,0,0,0
32144804,507,153,0,378,0,0,0
25739748,210,23,57,676,0,0,0
224640006,156,146,1,17,0,0,0
142645884,536,,7,,0,0,0
91646632,1001,37,60,18,0,0,0
8554677,145,,65,,0,0,0
87796165,173,,3,,0,0,0
138968405,,,,,1,0,1
78104945,544,323,2,153,0,0,0
41816745,29,17,1,57,0,0,0
13236838,175,,0,,0,0,0
378921052,,,,,0,1,1
267804570,111,95,0,2,0,0,0
153783534,194,253,0,48,0,0,0
369005785,20,82,0,0,0,0,0
66795626,35,494,0,11,0,0,0
216801265,135,61,5,167,0,0,0
344722260,54,64,3,3,0,0,0
154426865,96,108,0,1,0,0,0
159602554,319,147,16,149,0,0,0
138065076,110,,6,,0,0,0
301455717,197,,5,,0,0,0
44101249,134,,0,,0,0,0
47389906,814,121,2,387,0,0,0
47678203,410,,0,,0,0,0
173946639,183,198,16,1136,0,0,0
127282632,145,142,0,1,0,0,0
95182662,98,,260,,0,0,1
247294622,,,,,0,1,0
37746661,886,789,33,1050,0,0,0
359153320,50,39,7,364,0,0,0
37875832,178,81,1,16,0,0,0
64216301,,,,,1,0,0
314419485,,,,,0,1,1
140212198,579,508,9,1166,0,0,0
209311783,1188,435,22,130,0,0,0
19684652,270,92,2,59,0,0,0
366770818,142,120,11,711,0,0,0
195002776,704,531,31,6,0,0,0
75491171,,,,,0,1,0
294909019,198,153,0,151,0,0,0
333169732,120,,3,,0,0,0
8714835,118,84,9,426,0,0,0
317834676,308,2,31,2564,0,0,1
75467306,46,18,5,90,0,0,0
431602038,15,14,0,2,0,0,0
140067276,101,216,8,1208,0,0,1
303329701,56,57,4,11,0,0,0
6383737,466,232,8,424,0,0,0
426008317,,,,,0,1,1
225878838,1319,1951,78,5,0,0,0
319474020,0,123,0,0,0,0,1
371080687,63,1591,1,92,0,0,0
369581735,72,319,9,243,0,0,0
227375523,1315,211,14,1378,0,0,0
217934302,382,19,2,14,0,0,1
85080653,176,58,1,326,0,0,0
350494221,72,2,9,30,0,0,0
2571723,,,,,0,1,0
30335648,246,273,0,124,0,0,0
431312667,,,,,0,1,1
52072140,54,54,5,948,0,0,0
272682846,24,300,0,0,0,0,0
5033072,471,232,15,742,0,0,0
182693823,77,,2,,0,0,0
85153247,120,227,2,5480,0,0,0
151484776,,,,,1,0,0
168860780,,,,,0,1,0
208432822,,,,,1,0,0
409309461,37,162,4,3,0,0,0
137382133,189,,0,,0,0,0
264604669,35,127,3,415,0,0,0
76122418,,,,,0,1,0
135413034,176,437,0,329,0,0,0
413137366,81,,0,,0,0,0
276529010,46,161,1,595,0,0,0
417385042,28,6,0,4,0,0,0
188511503,104,,5,,0,0,0
33260423,756,180,47,645,0,0,0
139850053,101,281,0,22,0,0,0
141175251,110,,0,,0,0,0
74608324,316,,1,,0,0,0
201963244,,,,,1,0,0
41028099,462,249,0,114,0,0,0
67719353,501,638,2,1109,0,0,0
389241348,41,13,4,86,0,0,0
200412391,115,1816,0,25,0,0,0
383044218,63,,4,,0,0,0
330841612,51,111,10,2,0,0,1
191176855,59,,4,,0,0,0
263107882,156,114,1,347,0,0,0
135728630,287,453,0,115,0,0,0
250497526,86,23,1,18,0,0,0
5871193,156,,3,,0,0,0
120025405,78,773,1,2,0,0,0
98956506,,,,,1,0,0
372085750,58,43,1,35,0,0,0
181574317,72,22,0,0,0,0,0
136378443,84,123,0,5,0,0,0
273370175,144,374,10,3,0,0,0
53628393,290,,23,,0,0,0
418796161,,,,,0,1,1
239619430,65,,0,,0,0,0
382677595,,,,,0,1,0
212677276,76,56,1,74,0,0,0
5110588,1633,216,118,3409,0,0,0
308249704,135,,1,,0,0,0
220844431,46,,0,,0,0,0
223705162,196,182,0,5,0,0,0
28148035,641,645,31,843,0,0,0
287413163,48,130,1,0,0,0,0
6679598,350,110,3,4389,0,0,0
206764562,235,,21,,0,0,0
14131366,8111,1516,178,7398,0,0,0
354678533,219,10,0,5,0,0,0
403456187,93,,72,,0,0,0
2903097,76,10,4,239,0,0,0
120867209,195,1346,43,6,0,0,1
35718489,178,,0,,0,0,0
314690050,50,0,0,10,0,0,0
16692586,153,88,0,151,0,0,0
334156245,214,54,1,12,0,0,0
2153842,2703,,49,,0,0,0
301038109,,,,,1,0,1
142927279,922,,13,,0,0,0
142334540,,,,,1,0,0
1705889,175,82,1,190,0,0,0
38772969,113,,0,,0,0,0
104240472,209,,0,,0,0,0
195344444,,,,,0,1,1
196350549,2,945,0,0,0,0,0
124756516,195,,0,,0,0,0
62532165,475,116,8,38,0,0,0
15772340,107,,0,,0,0,0
313960713,,,,,1,0,0
295960304,198,971,324,2,0,0,0
358952067,356,,6,,0,0,0
200037173,74,466,0,3,0,0,0
391068310,67,285,0,2,0,0,1
412126067,183,178,0,10,0,0,0
230061144,334,1551,38,0,0,0,1
136524436,31,,2,,0,0,0
374861056,66,,15,,0,0,0
20078798,103,94,17,27,0,0,0
228068569,42,265,0,18,0,0,0
183894149,340,310,0,230,0,0,0
416983624,,,,,1,0,0
356242010,87,107,0,32,0,0,0
75774774,101,77,0,70,0,0,0
432191712,,,,,1,0,1
185131822,238,76,9,525,0,0,0
71122173,477,213,1,1140,0,0,0
217072764,1,,0,,0,0,0
278541,285,346,6,454,0,0,0
287035616,,,,,1,0,1
216986828,177,382,15,480,0,0,0
157908149,156,47,0,9,0,0,0
379658074,1107,13,63,445,0,0,0
63411687,526,304,15,5164,0,0,0
204688344,93,329,0,2,0,0,0
14037242,2518,819,121,2012,0,0,0
433891595,154,23,28,1,0,0,0
27522175,546,2074,4,4974,0,0,0
348861432,68,206,0,1,0,0,1
293099793,52,5,1,18,0,0,0
95354245,59,,2,,0,0,0
386813540,2399,,4,,0,0,0
389316124,,,,,1,0,0
380599314,67,211,0,3,0,0,0
431146377,95,36,0,1,0,0,0
58785964,,,,,0,1,0
301399386,75,17,1,65,0,0,0
241533525,169,33,2,840,0,0,0
28677471,116,775,2,1,0,0,0
40837172,223,,4,,0,0,0
249814686,50,7,0,360,0,0,0
243015473,,,,,1,0,0
179870325,140,,0,,0,0,0
328515380,108,45,0,10,0,0,0
185864878,43,44,3,651,0,0,0
5323986,718,,2,,0,0,0
273894617,,,,,1,0,0
150062710,148,,1,,0,0,0
307472200,3,,0,,0,0,0
15451296,17,,1,,0,0,0
383696561,204,307,0,0,0,0,0
426474077,,,,,1,0,0
254901725,71,235,0,226,0,0,0
204990213,7,246,1,705,0,0,0
431486855,,,,,0,1,0
92680897,120,2265,22,327,0,0,0
281910794,106,,3,,0,0,0
20739946,0,,0,,0,0,1
116796563,38,468,0,0,0,0,0
135154092,,,,,1,0,0
4683557,434,641,4,1192,0,0,0
210729652,137,134,0,11,0,0,0
319257519,423,51,22,53,0,0,1
161531732,172,578,0,31,0,0,0
332131317,2116,264,416,526,0,0,0
351700735,,,,,1,0,0
379607551,195,,91,,0,0,0
184472589,174,152,1,15,0,0,0
171774072,234,193,8,712,0,0,0
256962389,,,,,0,1,0
386802510,,,,,0,1,1
407788654,46,6,13,208,0,0,1
380202311,,,,,1,0,0
288016570,21,,0,,0,0,0
116025273,,,,,1,0,0
296257033,35,,0,,0,0,0
288559896,241,212,0,6,0,0,0
365684748,,,,,0,1,0
134930397,57,29,1,666,0,0,0
7815900,498,,7,,0,0,0
47028386,570,209,3,17,0,0,0
168019642,224,,3,,0,0,0
318068177,236,,1,,0,0,0
411135783,72,8,10,303,0,0,0
13371087,114,109,0,271,0,0,0
389929368,21,7081,4,0,0,0,1
159185779,9,185,8,0,0,0,0
33227577,604,401,20,13079,0,0,0
288496049,1217,,5,,0,0,1
99069447,301,46,2,210,0,0,0
229847743,215,150,0,24,0,0,0
312399735,169,15,0,12,0,0,0
256913437,149,28,21,0,0,0,0
54331653,321,,4,,0,0,0
193086226,72,,2,,0,0,0
196511251,328,246,0,16,0,0,0
255859533,265,205,2,1,0,0,0
3378756,496,,2,,0,0,0
419548258,93,444,0,7,0,0,0
216600233,207,31,0,1004,0,0,0
122092365,119,260,2,27,0,0,0
73654948,165,,0,,0,0,0
240694816,419,199,8,6226,0,0,0
162450505,161,,5,,0,0,0
47670290,,,,,1,0,0
29647151,130,91,4,830,0,0,0
284928590,237,,15,,0,0,0
1039617,4429,3225,29,3909,0,0,0
298209730,240,537,0,81,0,0,1
3059141,359,114,2,447,0,0,0
151571544,1237,619,12,94,0,0,0
231281626,147,156,6,11,0,0,1
345729807,60,27,0,4,0,0,0
257013174,145,403,1,611,0,0,0
141347047,147,201,0,723,0,0,0
22356632,1764,839,0,6526,0,0,0
329049849,281,237,4,387,0,0,0
141626445,,,,,0,1,1
201055189,2463,331,142,134,0,0,0
246714019,297,325,8,17,0,0,0
64479343,206,223,1,528,0,0,0
142247026,235,334,2,480,0,0,0
1477147,,,,,1,0,0
150589583,172,,0,,0,0,0
5792173,171,341,7,2038,0,0,0
25859955,455,177,9,254,0,0,0
380128301,,,,,0,1,0
7590830,53,30,1,189,0,0,0
124301215,9839,621,58,29,0,0,0
39642143,87,57,0,29,0,0,0
262871504,103,343,4,0,0,0,0
105609842,336,66,9,12027,0,0,0
217805543,59,,1,,0,0,0
310325719,56,,0,,0,0,0
368148246,109,,4,,0,0,0
23857813,14,761,0,2,0,0,0
151992338,111,,0,,0,0,0
306413650,,,,,1,0,0
309518799,168,,0,,0,0,0
140887514,,,,,0,1,0
386930034,52,,2,,0,0,0
401452678,,,,,0,1,1
22595410,155,196,2,0,0,0,0
221778273,,,,,0,1,0
93657713,,,,,1,0,0
168186335,452,182,28,231,0,0,0
323656722,370,193,32,76,0,0,0
361553588,,,,,0,1,1
344137812,,,,,1,0,0
237838085,6451,1045,1967,1785,0,0,1
272431721,2,0,0,7,0,0,0
317879438,47,31,1,22,0,0,0
304678794,166,30,6,128,0,0,0
244789750,,,,,0,1,1
235960836,315,,0,,0,0,0
11209852,53,46,4,25,0,0,0
420129777,,,,,0,1,1
153642840,155,4,0,0,0,0,0
257525269,220,,1,,0,0,0
13233451,227,546,1,2,0,0,0
582491,712,,0,,0,0,0
180898573,44,31,0,15,0,0,0
3107933,,,,,0,1,0
240652043,84,37,39,27,0,0,0
38507147,96,184,0,217,0,0,0
396512266,25,58,0,4,0,0,0
24085266,425,,1,,0,0,0
257666574,35,64,0,642,0,0,0
252114426,,,,,0,1,1
393168342,,,,,1,0,0
294710095,171,49,8,11,0,0,1
166252013,,,,,1,0,0
409721846,49,79,19,8,0,0,0
217604553,90,,3,,0,0,1
422366615,365,70,11,41,0,0,0
228974211,85,279,1,0,0,0,1
366517813,,,,,0,1,0
416502381,,,,,1,0,0
65602115,,,,,1,0,0
19722501,132,179,0,3043,0,0,0
48303277,87,,1,,0,0,0
154379004,133,60,0,2,0,0,0
344665521,5,33,8,1,0,0,0
425380026,27,,0,,0,0,1
58153866,200,169,69,27,0,0,0
149101114,80,174,15,22,0,0,0
7157872,170,76,0,1860,0,0,0
10586142,174,80,6,380,0,0,0
144601871,437,,3,,0,0,0
169675627,161,,0,,0,0,0
78407654,,,,,1,0,0
308756655,300,,13,,0,0,0
225585189,41,423,0,2,0,0,0
158522115,100,261,0,35,0,0,0
125134303,4096,,38,,0,0,1
377686658,4,41,10,0,0,0,0
27966383,101,,7,,0,0,0
103709005,521,324,3,2666,0,0,0
41199624,198,,12,,0,0,0
394854122,39,65,2,452,0,0,0
59960152,202,630,4,4188,0,0,0
420929068,,,,,0,1,1
162864113,540,405,8,6,0,0,1
398665702,158,,0,,0,0,0
402392834,18,,1,,0,0,0
388365534,95,64,1,132,0,0,0
34255602,177,,0,,0,0,1
383184186,,,,,1,0,0
174842879,54,17,6,1204,0,0,0
380821297,6256,238,341,1156,0,0,0
316765897,263,,1,,0,0,0
271790029,85,227,0,2,0,0,0
97146121,,,,,1,0,0
82927191,107,171,6,588,0,0,0
347820349,106,16,134,9,0,0,0
410430422,31,36,2,29,0,0,0
162814331,123,,0,,0,0,0
118854302,78,52,0,300,0,0,0
271208240,60,348,0,0,0,0,0
4480145,472,88,0,212,0,0,0
334965773,,,,,1,0,0
431365691,207,,23,,0,0,0
311046808,,,,,1,0,1
292980621,46,142,37,27,0,0,0
19730509,193,106,3,1942,0,0,0
137283769,1034,394,8,618,0,0,0
221884436,46,38,5,14,0,0,1
195210260,186,223,4,1347,0,0,0
33025444,273,,1,,0,0,0
19570630,283,,6,,0,0,0
56420017,207,,4,,0,0,0
356269101,47,,37,,0,0,0
414061615,1697,268,369,2724,0,0,1
417652282,,,,,0,1,1
198066408,80,170,1,6,0,0,0
326617377,247,49,8,282,0,0,0
19014589,70,385,6,514,0,0,0
58851313,153,,3,,0,0,0
135025277,,,,,1,0,0
311898371,54,50,0,3,0,0,0
102239182,151,,45,,0,0,0
269511222,130,57,6,489,0,0,0
70942389,128,81,0,110,0,0,0
339651061,125,17,6,0,0,0,0
13046920,166,382,4,1475,0,0,0
329625420,104,,1,,0,0,0
220612839,273,645,0,8,0,0,0
233008068,0,,0,,0,0,0
24236425,165,,0,,0,0,0
236090503,,,,,1,0,0
17760793,270,144,4,1784,0,0,0
158663103,141,442,0,4,0,0,0
33777540,,,,,1,0,0
26357484,415,273,11,49,0,0,0
380098658,,,,,0,1,0
430452482,,,,,0,1,1
351448167,30,611,0,3,0,0,1
364183622,,,,,0,1,0
369824597,173,,0,,0,0,0
154289767,31,97,1,3,0,0,0
299014172,42,89,1,25,0,0,0
184805591,129,128,0,4,0,0,0
393869675,,,,,0,1,1
173441114,28,,0,,0,0,0
236518092,44,4,5,213,0,0,0
225183450,98,569,1,49,0,0,0
327923422,109,66,3,8,0,0,0
363222751,190,403,0,1917,0,0,0
80762869,29,31,0,303,0,0,0
170759267,119,2,6,43,0,0,0
369288396,237,,1,,0,0,0
342685726,,,,,0,1,1
420385256,,,,,0,1,1
324328124,67,243,0,12,0,0,1
146861523,6493,1525,324,284,0,0,1
264778547,,,,,0,1,0
379798357,58,10,5,135,0,0,0
208036836,443,389,15,68,0,0,0
304093202,,,,,1,0,0
389829165,7,0,0,1,0,0,0
298498658,2,,0,,0,0,0
15213866,268,148,3,180,0,0,0
167053812,78,41,3,114,0,0,0
268783681,199,80,2,10,0,0,0
261953230,102,41,7,355,0,0,0
5463667,479,40,1,2293,0,0,0
12405477,98,84,8,0,0,0,0
21290471,222,169,5,263,0,0,0
152372449,398,297,23,569,0,0,0
64331409,171,,1,,0,0,0
154753302,,,,,1,0,0
197077192,114,24,6,346,0,0,0
228914101,,,,,0,1,0
218851853,327,291,10,4368,0,0,0
70505144,208,167,0,28,0,0,0
353716135,36,226,46,34,0,0,1
147893658,124,,4,,0,0,0
265447724,155,232,0,377,0,0,0
24698788,3467,309,55,1698,0,0,0
308492810,49,154,0,19,0,0,0
3364120,1775,1188,18,2630,0,0,0
408459768,269,127,18,2,0,0,0
65832099,62,0,0,0,0,0,0
10193310,192,241,4,369,0,0,0
158488073,151,523,0,135,0,0,0
13836498,31,4,0,2273,0,0,0
383462572,,,,,0,1,0
48058724,169,192,6,298,0,0,0
8799448,1075,,26,,0,0,0
264026492,131,,1,,0,0,0
59001396,708,,50,,0,0,0
134090312,15,,0,,0,0,0
405039307,1121,,259,,0,0,1
54061240,121,98,1,19,0,0,0
75104221,408,704,4,1503,0,0,0
237314279,92,168,0,6,0,0,1
212127806,300,,2,,0,0,0
55663538,4291,120,457,676,0,0,0
110413337,317,,4,,0,0,0
349987455,155,109,0,5,0,0,1
143776002,550,491,53,65,0,0,0
406765798,0,1070,4,1,0,0,0
30771684,1132,329,29,12954,0,0,0
256677385,79,52,1,418,0,0,0
71447198,285,279,6,202,0,0,0
392068696,92,82,0,3,0,0,0
200590157,153,123,108,962,0,0,0
179736386,135,,4,,0,0,0
289052708,13,15,1,9,0,0,0
158755141,430,,5,,0,0,0
99371194,24,,0,,0,0,0
138642775,72,98,6,9,0,0,0
375202472,76,53,9,21,0,0,1
133225660,133,135,22,2238,0,0,0
311641857,346,788,0,17,0,0,1
239074076,154,110,0,0,0,0,0
137810432,322,134,5,18403,0,0,0
352866259,3810,500,661,11522,0,0,0
154046473,148,483,15,27,0,0,0
280924769,528,161,10,113,0,0,0
257588670,7,2,0,1,0,0,0
156069182,179,312,3,11,0,0,0
413717620,71,246,5,107,0,0,1
334299150,153,17,47,239,0,0,1
201419526,429,481,2,1820,0,0,0
289366490,5,,0,,0,0,0
152519252,,,,,1,0,0
72142796,,,,,0,1,0
158446233,183,221,0,2,0,0,0
35692958,215,,8,,0,0,0
190901410,201,,0,,0,0,0
263969232,44,998,0,1,0,0,0
194126677,,,,,1,0,0
210174233,50,,1,,0,0,0
261668880,74,22,0,283,0,0,0
8549431,546,56,10,1024,0,0,0
234876206,141,162,1,2156,0,0,1
271735369,55,443,1,0,0,0,0
252235191,,,,,1,0,1
143989097,80,275,0,0,0,0,0
220097890,38,,0,,0,0,0
76511119,617,63,0,273,0,0,0
20070671,127,72,3,1563,0,0,0
412531431,230,,2,,0,0,0
43752711,37,27,0,47,0,0,0
65574445,18,47,1,1,0,0,0
136961441,190,73,4,15,0,0,0
15440775,286,,1,,0,0,0
429924564,,,,,0,1,1
432167361,109,219,0,2,0,0,0
136053706,316,,1,,0,0,0
236153058,123,88,4,589,0,0,0
33460806,2993,590,134,1706,0,0,0
238386873,,,,,1,0,0
8597383,450,,6,,0,0,0
353110349,185,,5,,0,0,0
176092728,101,,0,,0,0,0
150501741,,,,,1,0,0
15911120,21,162,0,0,0,0,0
1555720,187,293,4,1721,0,0,0
188685219,78,37,30,700,0,0,0
45434629,83,51,0,319,0,0,0
83279586,19,,1,,0,0,0
101065634,295,,2,,0,0,0
26103,332,1833,6,40,0,0,0
23343499,37,641,4,123,0,0,0
227758070,111,391,0,0,0,0,0
367927160,70,439,0,1,0,0,0
13173331,306,144,5,177,0,0,0
104162818,134,,0,,0,0,0
114239761,437,66,16,28,0,0,0
51132759,45,12,0,15,0,0,0
327638252,132,39,1,3,0,0,0
411802884,96,47,1,7,0,0,0
228766731,135,50,1,277,0,0,0
402494170,,,,,1,0,1
12203934,395,647,0,1,0,0,0
218678798,1675,135,55,1756,0,0,0
182915616,200,,0,,0,0,0
53606241,299,263,16,903,0,0,0
150287887,178,43,3,393,0,0,0
11198784,,,,,0,1,0
408441371,33,29,0,2,0,0,0
278883542,248,24,104,59,0,0,1
7373489,344,1063,1,421,0,0,0
210330489,16,428,0,1,0,0,0
183336367,273,14,0,2,0,0,0
75723702,91,159,3,113,0,0,0
16572773,586,1379,20,7304,0,0,0
282005835,343,234,5,12398,0,0,0
408012007,,,,,0,1,0
343181132,,,,,1,0,0
139883155,,,,,1,0,0
355502448,,,,,1,0,0
2888221,91,8,3,204,0,0,0
330415738,961,,5,,0,0,0
329804346,129,410,8,82,0,0,0
107124694,136,127,10,1171,0,0,0
398813892,191,158,0,6,0,0,0
299836023,187,1301,0,0,0,0,1
11621495,152,217,4,441,0,0,0
100766116,0,499,0,0,0,0,0
265957832,89,113,0,19,0,0,0
156773883,78,303,0,12,0,0,0
161826262,86,211,0,3,0,0,0
349716583,97,,17,,0,0,0
14531108,157,178,3,69,0,0,0
246612892,7,68,2,147,0,0,0
161190565,205,267,0,6,0,0,0
342347768,,,,,1,0,0
2049945,668,270,10,85,0,0,0
64876908,212,,12,,0,0,0
47721784,126,167,1,349,0,0,0
345896305,52,27,0,4,0,0,0
152267597,76,,0,,0,0,0
15150842,114,11,3,91,0,0,0
3460569,307,527,0,1801,0,0,0
15166419,126,33,0,91,0,0,0
12823830,154,,2,,0,0,0
391339275,,,,,0,1,1
14397613,138,29,1,32,0,0,0
230707189,250,70,150,310,0,0,0
132067865,408,,0,,0,0,0
178049047,,,,,1,0,0
1249880,78,21,1,520,0,0,0
431236361,,,,,0,1,1
351733490,,,,,1,0,0
409299453,,,,,1,0,0
132483005,461,349,8,2040,0,0,0
105833217,766,675,7,336,0,0,0
137587292,324,,0,,0,0,0
186039337,72,148,9,3755,0,0,0
6722966,143,150,4,74,0,0,0
88902248,385,154,15,799,0,0,0
304772495,137,,1,,0,0,0
306770059,52,158,0,1,0,0,0
21244945,312,450,17,892,0,0,0
251433241,142,,0,,0,0,0
665719,323,,6,,0,0,0
362305378,,,,,0,1,1
132973033,118,123,2,187,0,0,0
59738816,219,,7,,0,0,0
298048637,348,184,3,0,0,0,0
330517303,,,,,0,1,1
305443658,90,128,0,8,0,0,0
362501358,,,,,1,0,1
420567578,57,23,4,103,0,0,0
167354335,15,,0,,0,0,0
141662690,,,,,1,0,0
197624106,103,5,0,166,0,0,0
394643745,93,,0,,0,0,0
17896148,773,378,6,388,0,0,0
378919509,24,,1,,0,0,0
176147795,,,,,1,0,0
419522145,29,8,5,124,0,0,0
13844539,262,49,10,180,0,0,0
33613522,74,,0,,0,0,0
6510604,271,167,1,750,0,0,0
122752464,,,,,0,1,0
285849175,325,81,12,740,0,0,0
59653604,217,45,1,5,0,0,0
243174609,1510,,21,,0,0,0
329276660,15,43,0,0,0,0,0
386041149,148,118,0,4,0,0,0
100365747,386,1188,0,2852,0,0,0
284162759,,,,,0,1,0
136654883,314,115,5,70,0,0,0
169611529,,,,,0,1,1
166980698,346,,13,,0,0,0
250142548,222,,3,,0,0,0
146663779,734,280,25,535,0,0,0
402277353,99,172,0,4,0,0,0
332191199,477,,0,,0,0,0
18106788,98,,3,,0,0,0
150573241,,,,,1,0,0
173854100,0,,0,,0,0,0
328053753,10,496,0,2,0,0,1
123802006,78,,0,,0,0,1
266985671,84,,2,,0,0,0
471913,168,39,2,229,0,0,0
19450822,72,113,1,57,0,0,0
403078598,123,8,1,66,0,0,0
166043684,219,,0,,0,0,0
317144112,169,,6,,0,0,0
106086460,100,181,1,7,0,0,0
268585524,154,75,4,0,0,0,0
88316060,161,54,6,72,0,0,0
293023705,,,,,1,0,1
176868020,113,165,0,18,0,0,0
102611224,1036,251,7,1437,0,0,0
429321075,97,8,0,137,0,0,0
290244360,,,,,1,0,0
309563278,,,,,1,0,0
87624380,149,62,2,403,0,0,0
186921443,54,,3,,0,0,0
409226609,,,,,0,1,1
370439827,67,30,8,125,0,0,0
11410203,174,,1,,0,0,0
57080351,134,230,0,539,0,0,0
56652188,274,132,3,1990,0,0,0
27183153,116,,0,,0,0,0
339391578,30,32,2,1078,0,0,0
288889238,315,73,16,43,0,0,0
336613726,174,47,0,13,0,0,1
309973675,82,355,5,0,0,0,0
191737562,71,82,0,278,0,0,0
342985554,,,,,0,1,1
412529329,202,136,0,68,0,0,0
238877445,105,133,3,78,0,0,0
321651211,,,,,1,0,0
337041866,,,,,0,1,0
103102268,,,,,1,0,0
14285733,,,,,0,1,0
201022204,139,56,2,614,0,0,0
18025036,,,,,0,1,1
31032472,451,536,7,100,0,0,0
414088685,104,63,1,22,0,0,0
246993763,,,,,1,0,0
50976151,40,203,0,3,0,0,0
413427832,,,,,0,1,0
135071811,206,395,1,957,0,0,0
333828353,99,107,4,722,0,0,0
8253765,258,,1,,0,0,0
341879472,341,,0,,0,0,0
408541445,493,157,22,10,0,0,0
227863361,40,,3,,0,0,0
196461719,,,,,0,1,0
254923335,,,,,1,0,0
45509357,,,,,0,1,0
3453448,321,569,19,94,0,0,0
267989322,,,,,1,0,0
29524422,204,,0,,0,0,0
371417835,47,46,2,13,0,0,0
164629887,491,,26,,0,0,0
32362395,300,148,2,10,0,0,0
153545308,154,,1,,0,0,0
236924858,118,,0,,0,0,0
353279588,2751,306,1,69,0,0,0
426733143,,,,,1,0,0
288085041,285,38,0,21,0,0,0
54081309,149,173,4,150,0,0,0
253181280,43,40,1,22,0,0,0
92957504,372,12,8,23,0,0,0
274999814,95,66,0,30,0,0,0
430681371,86,,0,,0,0,1
345464447,,,,,1,0,0
60178003,46,,0,,0,0,0
292962178,80,45,51,11231,0,0,0
205088442,198,101,6,9,0,0,0
362915287,,,,,1,0,0
243858237,,,,,1,0,0
98377090,147,368,5,205,0,0,0
289258015,83,99,0,3,0,0,0
368652234,77,221,0,154,0,0,0
369048509,166,57,0,1,0,0,0
424999384,52,24,13,94,0,0,1
186411051,259,68,17,559,0,0,0
323485609,127,85,11,110,0,0,0
147644652,,,,,0,1,0
259686877,76,40,0,5,0,0,0
79646177,94,67,5,4,0,0,0
270975362,87,144,2,78,0,0,0
169969115,43,,0,,0,0,1
16823504,62,24,4,66,0,0,0
176710364,86,131,4,2,0,0,1
115984199,456,,4,,0,0,0
217583300,137,,0,,0,0,0
1407845,,,,,1,0,0
387190671,135,,0,,0,0,0
25594925,700,,2,,0,0,0
17852598,117,,1,,0,0,0
385406045,,,,,0,1,1
351690316,80,34,0,35,0,0,0
430372350,,,,,0,1,1
118941171,237,,5,,0,0,0
345295124,24,20,10,137,0,0,0
264764228,148,,1,,0,0,0
229575413,,,,,0,1,1
141791727,95,502,3,34,0,0,0
357452497,14,210,1,180,0,0,0
339255579,172,43,9,182,0,0,0
361691194,,,,,0,1,1
304465085,396,186,11,1177,0,0,0
305960800,564,251,63,568,0,0,0
368900544,39,2,0,2,0,0,1
195007513,109,77,0,6,0,0,0
307565221,2,,0,,0,0,0
422309787,42,1,2,1,0,0,1
335469095,,,,,0,1,1
216689735,88,46,11,1,0,0,0
121110898,188,181,10,1370,0,0,0
243905613,30,294,0,0,0,0,1
269754855,92,58,15,18,0,0,0
172936855,,,,,0,1,0
2187877,5533,102,1003,249,0,0,0
329391416,55,,0,,0,0,0
406849722,21,,1,,0,0,0
18085315,246,414,3,122,0,0,1
99714869,210,355,2,0,0,0,0
31238997,45,26,2,531,0,0,0
347153306,76,18,7,177,0,0,0
142636499,243,234,3,30,0,0,0
132373725,220,82,1,3318,0,0,0
13710667,864,210,38,639,0,0,0
212062008,83,99,0,5,0,0,0
117007670,265,161,4,3820,0,0,0
38203111,32,35,3,3988,0,0,0
226583867,91,,0,,0,0,0
374364665,380,1327,12,2,0,0,1
153899362,,,,,1,0,0
158908703,56,20,1,131,0,0,0
43144303,323,1086,1,70,0,0,1
292744261,19,107,0,3,0,0,0
30754930,110,,0,,0,0,0
10801660,798,197,40,1464,0,0,0
57644372,119,,0,,0,0,0
96271219,673,517,0,9115,0,0,1
289079869,49,222,6,3,0,0,0
435848869,43,,0,,0,0,0
216164722,49,,3,,0,0,0
428437762,617,11,26,40,0,0,1
141323523,208,582,0,1,0,0,0
193094231,1178,582,1138,4137,0,0,0
286835671,282,502,0,1,0,0,1
9899149,331,59,11,1003,0,0,0
294066673,1443,215,14,4,0,0,0
49709130,,,,,1,0,0
376663378,0,,4,,0,0,0
247654444,113,,3,,0,0,0
409202693,,,,,1,0,0
222970524,168,167,0,8,0,0,0
4423171,187,117,12,946,0,0,0
52668965,395,95,3,1855,0,0,0
409239356,253,83,2,96,0,0,1
150544318,146,,12,,0,0,0
345425159,76,,0,,0,0,0
311710115,,,,,1,0,0
237446254,132,113,2,13,0,0,1
345771222,42,400,1,2,0,0,1
379449800,31,3,26,7,0,0,0
311391209,318,,0,,0,0,0
1973771,138,56,3,838,0,0,0
295090386,91,,2,,0,0,0
290335356,83,184,0,2,0,0,0
316289315,50,118,0,174,0,0,0
176002565,125,,0,,0,0,0
298282597,,,,,1,0,0
335788881,29,,4,,0,0,0
59370307,188,140,0,50,0,0,0
240444698,33,5,16,0,0,0,0
27857464,63,84,7,346,0,0,0
50344993,293,,0,,0,0,0
12236225,243,,12,,0,0,1
349464732,3,128,0,14,0,0,0
237379537,629,292,21,51,0,0,0
199861105,73,0,0,0,0,0,0
136115066,203,237,2,830,0,0,0
251553076,55,14,0,5,0,0,0
153929599,,,,,1,0,0
400141042,127,65,61,1178,0,0,0
300145717,,,,,0,1,0
13294540,622,122,8,154,0,0,0
208771361,204,117,8,114,0,0,0
412058848,,,,,0,1,1
232662064,97,40,3,67,0,0,0
250845189,,,,,0,1,1
225294815,3351,406,144,5924,0,0,0
49687665,316,,6,,0,0,0
7769093,182,33,3,0,0,0,1
113577605,281,131,36,73,0,0,0
348827057,124,,2,,0,0,0
225041720,113,183,4,673,0,0,0
272994410,,,,,0,1,0
110348402,204,,5,,0,0,0
394779069,149,26,18,642,0,0,0
12626704,699,709,0,977,0,0,0
366726142,,,,,1,0,0
17513375,70,,3,,0,0,0
281062638,,,,,1,0,0
422319028,,,,,0,1,1
54190710,68,102,1,9,0,0,0
170484577,376,,1,,0,0,0
339353815,139,666,1,15,0,0,1
96046947,,,,,1,0,0
219669890,,,,,0,1,1
321185345,56,144,0,596,0,0,0
218719069,30,,0,,0,0,0
15935876,245,161,4,5591,0,0,0
218278209,60,2,2,84,0,0,0
37394729,534,,9,,0,0,0
139841529,402,15,1,13796,0,0,0
147105785,118,69,2,3,0,0,0
306187146,165,120,1,170,0,0,0
234187107,136,147,0,21,0,0,0
77394011,167,119,45,21,0,0,0
124365813,98,1253,0,12,0,0,0
350442854,152,79,0,27,0,0,0
377932331,269,53,116,118,0,0,1
221554162,107,52,0,18,0,0,0
151066878,,,,,0,1,0
290022900,1076,,12,,0,0,0
184741447,,,,,0,1,1
218844639,104,76,2,30,0,0,0
215082645,246,451,3,8,0,0,0
112844539,310,,6,,0,0,0
295679443,17,,14,,0,0,0
141073865,193,171,2,1407,0,0,0
267792158,49,,5,,0,0,0
169904077,264,294,12,716,0,0,1
104701292,,,,,1,0,0
16392260,135,88,3,53,0,0,0
189666572,62,37,0,2,0,0,0
224648386,120,,3,,0,0,0
29122847,351,141,11,377,0,0,0
367138157,52,,0,,0,0,0
40639453,300,189,8,1760,0,0,0
8641008,,,,,1,0,0
211960133,111,46,7,204,0,0,0
396947580,55,84,0,3,0,0,0
21564045,226,425,3,861,0,0,0
310666184,41,154,0,1,0,0,0
31553366,506,83,1,93,0,0,0
124827825,397,150,4,205,0,0,0
45501130,126,52,3,146,0,0,0
277833844,68,38,4,625,0,0,0
197252,51,170,1,1053,0,0,0
352473844,62,60,2,161,0,0,0
132875823,203,36,4,0,0,0,0
288598747,204,1382,0,1,0,0,0
360255322,114,,0,,0,0,0
85864282,1638,75,0,47,0,0,0
252352704,40,91,4,415,0,0,1
63347526,110,502,1,40,0,0,0
913695,215,,16,,0,0,0
397737324,,,,,0,1,0
425146498,,,,,1,0,1
142781621,163,85,0,74,0,0,0
339298615,16,,0,,0,0,0
127727144,438,830,7,1672,0,0,0
414449269,3403,778,109,16977,0,0,1
63115604,,,,,0,1,0
365028656,101,46,3,4,0,0,0
13691729,399,,1,,0,0,0
202612478,125,48,7,892,0,0,0
36772096,1077,208,91,136,0,0,0
347940349,76,142,10,254,0,0,0
326574215,589,44,13,22,0,0,0
405594874,,,,,0,1,1
124690035,235,,5,,0,0,0
323002360,283,2374,9,11,0,0,1
11121318,230,339,0,6,0,0,0
167787793,87,18,44,64,0,0,0
2489028,360,227,4,1457,0,0,0
314943405,117,10,33,56,0,0,0
3593398,161,32,5,208,0,0,0
417018342,,,,,0,1,1
167499696,,,,,1,0,0
411356807,165,24,1396,103,0,0,0
120660045,245,210,0,13,0,0,0
147859615,184,,0,,0,0,0
62184184,410,77,1,272,0,0,0
1663950,718,,15,,0,0,0
135703511,,,,,1,0,0
192071772,26,78,15,122,0,0,0
308208884,,,,,1,0,0
417330063,,,,,1,0,0
297127541,134,129,0,16,0,0,0
230992597,85,66,2,4,0,0,0
3267755,12,102,0,0,0,0,0
252898513,6,,0,,0,0,0
197111750,55,,0,,0,0,0
100159022,831,,32,,0,0,0
34244924,143,169,0,56,0,0,0
79254907,257,,0,,0,0,0
26663468,78,,1,,0,0,0
243612818,438,204,3,2248,0,0,0
260640344,,,,,0,1,0
110275168,26,,1,,0,0,0
289469642,85,969,0,2,0,0,1
180389663,210,29,4,320,0,0,0
90231820,485,,19,,0,0,0
315495234,,,,,1,0,0
66617252,219,475,7,710,0,0,0
95973488,136,132,2,33,0,0,0
318955208,42,,1,,0,0,1
190371773,138,,0,,0,0,0
330123505,36,24,0,53,0,0,0
409312202,,,,,0,1,1
195602768,253,,0,,0,0,0
203775555,,,,,0,1,1
14890579,77,29,2,334,0,0,0
404451656,306,22,44,2,0,0,0
390905134,110,110,1,1,0,0,0
120208694,248,,1,,0,0,0
1520299,249,,1,,0,0,0
390190605,548,54,138,43,0,0,1
20047717,165,318,1,9,0,0,1
226519829,1116,1528,1,10897,0,0,0
23799990,183,58,0,145,0,0,0
33436843,265,865,0,3,0,0,1
259164798,92,,1,,0,0,1
339555234,,,,,0,1,1
369868818,243,107,4,8,0,0,0
251332357,559,180,15,253,0,0,0
65078258,481,,260,,0,0,0
108692440,,,,,1,0,0
122732780,324,228,1,474,0,0,0
185263276,90,,0,,0,0,0
171701255,59,76,0,1368,0,0,0
417915115,2103,,8,,0,0,0
386051455,77,53,0,0,0,0,0
391063126,48,11,49,53,0,0,0
46140147,788,628,7,54,0,0,0
3850380,271,548,17,476,0,0,0
363283846,,,,,0,1,1
321168701,52,,0,,0,0,0
3148114,102,,2,,0,0,0
69268466,474,182,1,0,0,0,0
298124170,2,,0,,0,0,0
363919741,1152,248,0,27,0,0,0
164816536,212,302,29,0,0,0,0
178674210,256,,0,,0,0,0
397825705,66,,3,,0,0,0
67144426,400,,2,,0,0,0
215224048,24,,3,,0,0,0
163831756,,,,,1,0,0
400643455,,,,,1,0,0
183277558,19,238,0,0,0,0,0
12195654,86,8,1,3,0,0,0
287956569,123,290,46,396,0,0,0
18703055,136,,0,,0,0,0
263068843,211,,0,,0,0,0
380660292,34,252,0,2,0,0,1
303319741,57,127,0,1,0,0,0
273976552,243,310,9,142,0,0,0
344652255,161,95,2,61,0,0,0
213851237,601,1147,14,1208,0,0,0
135176585,152,104,1,5,0,0,0
72362776,400,,0,,0,0,0
123841172,207,,1,,0,0,0
422877228,61,,2,,0,0,0
164617404,204,,1,,0,0,0
121797444,38,61,4,13,0,0,0
7321697,344,2337,54,86,0,0,0
424470468,,,,,1,0,0
271212820,28,,0,,0,0,0
103614469,2582,,89,,0,0,0
132817251,307,318,7,119,0,0,0
23116892,120,,0,,0,0,0
317758401,142,,3,,0,0,0
162760599,18,15,0,540,0,0,0
216555669,286,151,12,1413,0,0,0
260237279,38,32,0,5,0,0,0
150663661,,,,,1,0,0
166053593,165,247,8,254,0,0,0
32689148,453,57,16,79,0,0,0
166114576,559,,50,,0,0,0
84843941,327,,7,,0,0,0
68729801,341,352,1,239,0,0,0
57110949,,,,,1,0,0
371862449,89,72,6,962,0,0,0
328084320,62,,1,,0,0,0
241996121,2514,221,184,20274,0,0,0
61071161,170,156,4,6743,0,0,0
139354467,533,488,5,8334,0,0,0
345020,108,28,4,27,0,0,0
9847940,373,363,0,205,0,0,0
402026076,24,593,0,374,0,0,0
95086828,245,,0,,0,0,0
251016021,,,,,1,0,0
263502145,49,,5,,0,0,0
164639553,371,520,0,5405,0,0,0
213807781,,,,,0,1,0
350912422,4394,1493,27,157867,0,0,0
29513930,140,,1,,0,0,0
261775167,136,,0,,0,0,0
97145451,609,,1,,0,0,0
137950077,259,,11,,0,0,0
245997282,60,72,0,2,0,0,0
353713145,94,58,2,1,0,0,0
363488858,,,,,0,1,0
33881826,,,,,1,0,0
264062736,,,,,0,1,0
371934614,2427,1336,182,759,0,0,1
89205960,43,0,0,0,0,0,0
386907114,,,,,0,1,1
246840381,169,28,5,56,0,0,0
325161854,,,,,0,1,1
29566308,237,464,0,301,0,0,0
416654020,,,,,1,0,0
20753678,180,168,2,1632,0,0,0
194805109,,,,,0,1,1
384010863,95,108,4,19,0,0,0
152547016,72,92,0,30,0,0,0
419472530,664,50,1074,9942,0,0,1
271069056,8,,74,,0,0,0
221101855,,,,,1,0,0
123117005,76,,0,,0,0,0
134986009,100,124,2,69,0,0,0
348301669,168,57,21,4,0,0,0
192471638,242,228,0,0,0,0,0
301105101,,,,,1,0,0
114627681,21,71,1,17,0,0,0
156519620,231,74,25,2098,0,0,0
248163587,369,,0,,0,0,0
394391804,21,,4,,0,0,0
195633694,145,112,1,560,0,0,0
368234862,2,322,0,0,0,0,0
85541188,123,196,0,2,0,0,0
324223757,54,19,5,11,0,0,1
249463061,361,448,1,87,0,0,0
307113437,133,,1,,0,0,0
169112824,86,74,0,129,0,0,0
313831585,67,52,0,20,0,0,0
5752291,173,,8,,0,0,0
154178615,0,,0,,0,0,0
30104204,72,101,3,2689,0,0,0
392313053,,,,,1,0,0
11925974,359,463,1,2697,0,0,0
367492707,,,,,0,1,0
203267347,433,273,2,8027,0,0,0
69682019,11,250,3,2523,0,0,0
100319608,,,,,1,0,0
395826714,21,78,1,10,0,0,0
11466787,253,474,2,290,0,0,0
175163551,54,,0,,0,0,0
82040957,76,,0,,0,0,0
29259905,140,315,1,466,0,0,0
141054477,30,322,3,5,0,0,0
376492301,,,,,0,1,0
55317084,361,307,0,2507,0,0,0
18004080,250,,0,,0,0,1
194690561,85,150,0,2,0,0,0
8142395,203,171,19,63,0,0,0
364239315,182,73,92,11,0,0,1
636396,197,433,5,298,0,0,0
22728490,620,116,96,4639,0,0,0
321364286,314,,2,,0,0,0
142050385,368,439,39,312,0,0,0
141344757,400,514,1,2326,0,0,0
279692505,76,134,2,26,0,0,0
245961090,67,,0,,0,0,0
94545959,,,,,0,1,1
331508721,871,,11,,0,0,0
416712675,15,28,0,153,0,0,0
74841210,165,47,1,113,0,0,0
125596196,1272,105,35,62,0,0,0
236099660,345,136,2,1,0,0,0
59972802,1120,1412,36,1367,0,0,0
298012266,620,12,23,227,0,0,0
144487481,200,245,0,1,0,0,0
5465025,36,,0,,0,0,0
165282053,16,21,3,76,0,0,0
396605481,131,25,22,5,0,0,0
7858875,120,,2,,0,0,0
398657504,,,,,0,1,1
304359186,88,,0,,0,0,0
359338114,423,,53,,0,0,0
150791345,543,,10,,0,0,0
341832344,,,,,0,1,1
392863316,254,73,0,532,0,0,0
201978371,110,182,0,4,0,0,0
284446742,104,42,1,435,0,0,0
19934494,842,,0,,0,0,0
145559855,169,97,0,30,0,0,0
29549491,95,,11,,0,0,0
68130097,214,121,1,89,0,0,0
382404158,124,31,3,397,0,0,0
15087073,540,,6,,0,0,0
191292733,278,39,1,148,0,0,0
337574537,,,,,0,1,1
4202253,1345,2076,21,2054,0,0,0
186400458,244,176,6,842,0,0,0
19234052,347,914,0,58,0,0,0
62421084,87,28,0,10,0,0,0
351092800,5,,0,,0,0,1
198413,428,213,2,830,0,0,0
278246822,72,87,0,10,0,0,0
6200026,416,436,11,154,0,0,0
13413839,213,,5,,0,0,0
162343625,366,198,1,5,0,0,0
27704313,278,1288,0,133,0,0,0
309421253,1398,7090,100,63,0,0,1
162630332,240,7,32,817,0,0,0
169345589,87,37,1,65,0,0,0
183993257,410,293,0,2,0,0,0
164709,262,23,3,244,0,0,0
64753644,368,,11,,0,0,0
385587024,,,,,0,1,0
38346620,133,848,5,44,0,0,0
45127801,239,337,3,98,0,0,0
385770733,25,,0,,0,0,0
13335568,306,41,2,1298,0,0,0
380344147,,,,,1,0,0
100171675,80,53,0,170,0,0,0
270586170,148,,5,,0,0,0
261648493,,,,,1,0,0
294023800,2,121,0,0,0,0,0
38533684,274,117,1,610,0,0,0
368800075,57,,3,,0,0,0
367735579,42,176,0,0,0,0,1
132396875,,,,,1,0,0
13233447,371,326,0,54,0,0,0
107029194,378,344,70,963,0,0,0
222727050,2,1121,3,0,0,0,0
403380019,71,75,39,2,0,0,0
16038970,,,,,0,1,1
421270840,1541,229,264,2,0,0,0
242628410,86,111,0,1,0,0,0
1031691,2025,,173,,0,0,1
94017944,154,158,8,133,0,0,0
144606377,209,74,4,2,0,0,0
193638187,,,,,0,1,0
144737166,53,67,1,91,0,0,0
232707679,98,395,0,3,0,0,0
123632545,228,350,10,9,0,0,0
195770629,104,,0,,0,0,0
44774418,306,,0,,0,0,0
257800275,101,63,1,1216,0,0,0
121153667,351,6376,2,4439,0,0,0
94770975,178,436,4,689,0,0,0
76143716,295,,0,,0,0,0
180911211,428,,4,,0,0,0
284606054,27,167,1,1,0,0,0
234696515,63,18,2,22,0,0,0
355088410,209,0,0,127,0,0,0
396412039,,,,,1,0,0
341463188,170,134,0,0,0,0,0
371413840,150,,4,,0,0,0
4803196,,,,,1,0,0
171043231,231,374,0,1640,0,0,0
256968275,,,,,1,0,0
265194648,110,111,0,6,0,0,1
381316404,134,64,3,427,0,0,0
332160366,,,,,1,0,0
32870190,,,,,1,0,0
311677698,,,,,0,1,0
58140506,405,280,0,165,0,0,0
139300766,150,120,1,4,0,0,0
484506,296,128,5,177,0,0,0
245037796,20,132,14,245,0,0,0
219474495,78,50,2,322,0,0,0
375206410,96,,1,,0,0,0
339444394,,,,,0,1,1
310418642,,,,,0,1,0
157791114,3009,634,2714,4,0,0,0
2833970,517,237,1,98,0,0,0
349064278,361,,1,,0,0,0
72043210,1605,206,59,1523,0,0,0
186984289,144,67,9,45,0,0,0
76543415,317,220,13,358,0,0,0
14371887,79,,2,,0,0,0
248801192,63,37,0,18,0,0,0
334717348,64,18,0,82,0,0,1
395211350,1074,,236,,0,0,0
184830270,124,95,0,252,0,0,0
245339699,30,81,2,4,0,0,0
58564273,117,127,12,52,0,0,0
161304285,101,471,0,2344,0,0,0
9046986,78,,4,,0,0,0
39101778,7587,41696,20,15,0,0,0
253957809,125,95,0,3,0,0,0
315291426,142,88,0,73,0,0,0
28355001,51,52,1,237,0,0,0
157007511,687,57,32,501,0,0,0
297372274,147,21,6,58,0,0,0
334189173,,,,,0,1,0
189261817,65,52,0,1,0,0,0
235838137,163,171,13,830,0,0,0
385439400,102,63,0,1,0,0,0
384678605,,,,,0,1,1
152695080,254,,2,,0,0,0
53364801,267,554,0,328,0,0,0
36443556,282,828,7,4011,0,0,0
24651723,500,199,2,84,0,0,0
25123539,358,,1,,0,0,0
393165016,90,155,5,414,0,0,0
64963569,210,,3,,0,0,0
434787404,,,,,1,0,0
70965120,72,147,0,370,0,0,0
412010029,246,120,9,12,0,0,0
377817524,,,,,0,1,1
386719503,,,,,0,1,1
356454700,,,,,1,0,0
316858333,287,26,4,625,0,0,0
323226856,90,,0,,0,0,0
93781712,109,157,0,45,0,0,0
90079836,1508,955,8,1905,0,0,0
154096293,165,4,3,426,0,0,0
271647103,443,171,6,110,0,0,0
281547007,177,104,0,0,0,0,0
278513575,240,,2,,0,0,0
207402504,117,21,0,107,0,0,0
311729077,162,76,0,3,0,0,0
13450007,,,,,0,1,1
301267474,91,361,0,2,0,0,0
72099161,485,109,1,656,0,0,0
355579733,13,,0,,0,0,0
143923864,47,,0,,0,0,0
145989612,127,,2,,0,0,0
400567040,232,19,27,90,0,0,0
4367069,49,,0,,0,0,0
251094653,,,,,1,0,0
239628402,2461,595,110,59,0,0,1
334448360,146,,0,,0,0,0
19754523,122,379,1,1697,0,0,0
172174291,83,122,0,25,0,0,0
276600441,520,403,15,76,0,0,0
202218827,348,165,0,2578,0,0,0
352362834,48,22,56,186,0,0,0
8597435,108,9,0,1397,0,0,0
348042701,64,11,4,14,0,0,0
13203966,315,874,1,391,0,0,0
220412610,170,,1,,0,0,0
255841795,22,,0,,0,0,0
68196752,152,,0,,0,0,0
43526628,5363,3731,1082,37,0,0,0
302413340,45,109,0,8,0,0,0
6220920,194,63,43,305,0,0,0
250307317,,,,,0,1,1
199463158,114,,0,,0,0,0
46280172,485,126,0,33,0,0,0
232411023,108,32,4,194,0,0,0
200644773,491,288,0,1499,0,0,0
358382346,20,44,0,2203,0,0,0
36643597,94,75,4,673,0,0,0
358772119,7,4812,0,2,0,0,0
9193941,159,260,1,311,0,0,0
334129606,211,39,16,3,0,0,0
15899581,135,315,6,658,0,0,0
123622038,,,,,1,0,0
233139743,140,79,0,272,0,0,0
69156352,133,110,0,173,0,0,0
225012866,74,208,0,2,0,0,0
365419037,,,,,1,0,0
433685542,50,,1,,0,0,0
301873157,85,54,6,6,0,0,0
111642672,332,51,0,0,0,0,0
392864799,0,23,0,11,0,0,1
340400704,102,,0,,0,0,0
67193577,748,201,1,4329,0,0,0
105975566,50,381,5,218,0,0,0
289680822,153,57,0,22,0,0,0
138214406,266,467,3,2424,0,0,0
346114021,240,,11,,0,0,0
122261061,258,,0,,0,0,0
356663601,165,107,1,1,0,0,0
71134388,390,55,0,834,0,0,0
272220508,105,71,2,1663,0,0,0
19051097,552,,5,,0,0,0
123979366,22,,0,,0,0,0
352380401,37,384,0,7,0,0,0
154421304,385,103,7,383,0,0,0
47114706,1,0,0,0,0,0,0
271193547,57,55,41,70,0,0,0
180441234,206,,6,,0,0,1
51291052,,,,,1,0,0
7253134,168,139,3,4,0,0,0
402104031,29,173,0,0,0,0,1
386620352,150,,3,,0,0,0
198186530,210,,0,,0,0,0
150397437,197,51,4,231,0,0,0
425303744,448,,13,,0,0,0
329277790,54,83,17,48,0,0,0
298331386,230,207,0,0,0,0,0
124133346,156,36,0,322,0,0,0
328697793,160,69,1,6,0,0,0
310685490,374,,0,,0,0,0
323708140,95,,3,,0,0,0
136328838,140,,0,,0,0,0
5954741,152,,0,,0,0,0
324277477,16,,0,,0,0,0
296229508,176,228,0,2,0,0,0
240749481,,,,,1,0,0
76157915,354,,1,,0,0,0
33260884,86,138,1,160,0,0,0
94389056,,,,,1,0,0
205253019,214,155,11,23,0,0,0
108401729,,,,,0,1,1
141182219,117,,0,,0,0,0
27755569,72,,0,,0,0,0
240686320,367,,0,,0,0,0
416049101,,,,,0,1,0
212557846,88,95,1,1,0,0,0
52966581,129,226,1,1220,0,0,0
52627987,173,210,7,2,0,0,0
300761391,106,,0,,0,0,0
139963490,312,81,2,2950,0,0,0
422666181,116,99,0,0,0,0,0
326855122,,,,,1,0,0
232869363,84,81,3,108,0,0,0
326032573,,,,,1,0,0
70217822,130,,0,,0,0,0
171771454,69,72,0,2,0,0,0
20046877,385,104,14,80,0,0,0
62123096,527,454,15,4000,0,0,0
64952126,23,,0,,0,0,0
431342043,91,144,0,43,0,0,0
316114380,54,,0,,0,0,0
353281244,,,,,1,0,0
247146574,264,98,1,278,0,0,0
14220347,87,4,0,25,0,0,0
390536171,152,98,0,1,0,0,0
195506789,26,14,1,8,0,0,0
69511211,29,,2,,0,0,0
146045524,94,,3,,0,0,0
333650018,,,,,0,1,1
269654695,195,11,10,370,0,0,1
379135057,,,,,0,1,1
373562302,53,,0,,0,0,0
60501425,442,503,0,17,0,0,0
314348092,54,5,4,430,0,0,0
342174556,5908,1631,489,1843,0,0,1
45507138,137,,0,,0,0,0
24047657,3216,9698,471,16,0,0,0
172677765,168,2456,28,3109,0,0,0
63900824,481,,3,,0,0,1
382671774,0,5,0,10,0,0,0
380565461,34,1,0,0,0,0,0
170180341,,,,,1,0,0
426462163,,,,,1,0,0
78179135,208,,5,,0,0,0
345106298,29,,0,,0,0,0
5825985,155,1,0,39,0,0,0
44326153,128,69,2,1180,0,0,0
75893465,54,59,3,1281,0,0,0
13237135,112,,10,,0,0,0
128143278,35,65,0,490,0,0,0
25383075,3854,214,74,3414,0,0,0
333434024,,,,,0,1,0
115540341,129,229,1,10,0,0,0
225433194,172,118,47,278,0,0,0
34078087,298,966,1,184,0,0,0
247750369,69,,0,,0,0,0
415313106,,,,,0,1,0
